Workbook
Name Slicer_Month: #N/A

Sheet Analysis
A3: Values | F3: Row Labels | G3: Sum of Total
A4: Fatality | B4: 0 | F4: April | G4: 66.5
A5: LTI | B5: 0 | F5: May | G5: 61.7
A6: Property Damage | B6: 0 | F6: June | G6: 70.9
A7: Penalty / Memo from Authority | B7: 0 | F7: July | G7: 56.6
A8: EHS Training | B8: 10 | F8: August | G8: 47.5
A9: Inspection | B9: 9 | F9: September | G9: 58.3
A10: Mock Drill | B10: 5 | F10: October | G10: 40.1
A11: Walkthrough | B11: 2.5 | F11: November | G11: 85
A12: HSE Committee Meeting | B12: 0 | F12: December | G12: 58.5
A13: HSE Induction | B13: 5.7 | F13: January | G13: 58.9
A14: Work Permit | B14: 7.9 | F14: February | G14: 84
B15: =SUM(B4:B14) -> 40.1 | F15: March | G15: 59.3
F16: Grand Total | G16: 747.3

Sheet Don't Edit
A1: Month | B1: Fatality | C1: LTI | D1: Property Damage | E1: Penalty / Memo from Authority | F1: EHS Training | G1: Inspection | H1: Mock Drill | I1: Walkthrough | J1: HSE Committee Meeting | K1: HSE Induction | L1: Work Permit | M1: Total
A2: January | B2: =IF(Data!C3=0, 10, 0) -> 10 | C2: =IF(Data!E3=0, 10, 0) -> 10 | D2: =IF(Data!G3=0, 10, 0) -> 10 | E2: =IF(Data!I3=0, 10, 0) -> 10 | F2: =(Data!K3/Data!J3)*10 -> 8 | G2: =(Data!M3/Data!L3)*10 -> 9 | H2: =Data!O3/Data!N3*5 -> 0 | I2: =Data!Q3/Data!P3*5 -> 2.5 | J2: =Data!S3/Data!R3*10 -> 10 | K2: =Data!U3/Data!T3*10 -> 9.9 | L2: =Data!W3/Data!V3*10 -> 6 | M2: =SUM(B2:L2) -> 85.4
A3: February | B3: =IF(Data!C4=0, 10, 0) -> 10 | C3: =IF(Data!E4=0, 10, 0) -> 10 | D3: =IF(Data!G4=0, 10, 0) -> 0 | E3: =IF(Data!I4=0, 10, 0) -> 0 | F3: =(Data!K4/Data!J4)*10 -> 9 | G3: =(Data!M4/Data!L4)*10 -> 8 | H3: =Data!O4/Data!N4*5 -> 0 | I3: =Data!Q4/Data!P4*5 -> 5 | J3: =Data!S4/Data!R4*10 -> 0 | K3: =Data!U4/Data!T4*10 -> 6.4 | L3: =Data!W4/Data!V4*10 -> 9.5 | M3: =SUM(B3:L3) -> 57.9
A4: March | B4: =IF(Data!C5=0, 10, 0) -> 10 | C4: =IF(Data!E5=0, 10, 0) -> 0 | D4: =IF(Data!G5=0, 10, 0) -> 10 | E4: =IF(Data!I5=0, 10, 0) -> 10 | F4: =(Data!K5/Data!J5)*10 -> 10 | G4: =(Data!M5/Data!L5)*10 -> 10 | H4: =Data!O5/Data!N5*5 -> 5 | I4: =Data!Q5/Data!P5*5 -> 5 | J4: =Data!S5/Data!R5*10 -> 0 | K4: =Data!U5/Data!T5*10 -> 6.5 | L4: =Data!W5/Data!V5*10 -> 6 | M4: =SUM(B4:L4) -> 72.5
A5: April | B5: =IF(Data!C6=0, 10, 0) -> 0 | C5: =IF(Data!E6=0, 10, 0) -> 0 | D5: =IF(Data!G6=0, 10, 0) -> 0 | E5: =IF(Data!I6=0, 10, 0) -> 0 | F5: =(Data!K6/Data!J6)*10 -> 9 | G5: =(Data!M6/Data!L6)*10 -> 8 | H5: =Data!O6/Data!N6*5 -> 5 | I5: =Data!Q6/Data!P6*5 -> 2.5 | J5: =Data!S6/Data!R6*10 -> 0 | K5: =Data!U6/Data!T6*10 -> 5.5 | L5: =Data!W6/Data!V6*10 -> 5.3 | M5: =SUM(B5:L5) -> 35.3
A6: May | B6: =IF(Data!C7=0, 10, 0) -> 10 | C6: =IF(Data!E7=0, 10, 0) -> 0 | D6: =IF(Data!G7=0, 10, 0) -> 0 | E6: =IF(Data!I7=0, 10, 0) -> 10 | F6: =(Data!K7/Data!J7)*10 -> 8 | G6: =(Data!M7/Data!L7)*10 -> 10 | H6: =Data!O7/Data!N7*5 -> 0 | I6: =Data!Q7/Data!P7*5 -> 5 | J6: =Data!S7/Data!R7*10 -> 0 | K6: =Data!U7/Data!T7*10 -> 9.7 | L6: =Data!W7/Data!V7*10 -> 6.8 | M6: =SUM(B6:L6) -> 59.5
A7: June | B7: =IF(Data!C8=0, 10, 0) -> 10 | C7: =IF(Data!E8=0, 10, 0) -> 10 | D7: =IF(Data!G8=0, 10, 0) -> 0 | E7: =IF(Data!I8=0, 10, 0) -> 10 | F7: =(Data!K8/Data!J8)*10 -> 10 | G7: =(Data!M8/Data!L8)*10 -> 10 | H7: =Data!O8/Data!N8*5 -> 0 | I7: =Data!Q8/Data!P8*5 -> 2.5 | J7: =Data!S8/Data!R8*10 -> 10 | K7: =Data!U8/Data!T8*10 -> 6.2 | L7: =Data!W8/Data!V8*10 -> 5.3 | M7: =SUM(B7:L7) -> 74
A8: July | B8: =IF(Data!C9=0, 10, 0) -> 0 | C8: =IF(Data!E9=0, 10, 0) -> 0 | D8: =IF(Data!G9=0, 10, 0) -> 0 | E8: =IF(Data!I9=0, 10, 0) -> 0 | F8: =(Data!K9/Data!J9)*10 -> 10 | G8: =(Data!M9/Data!L9)*10 -> 9 | H8: =Data!O9/Data!N9*5 -> 0 | I8: =Data!Q9/Data!P9*5 -> 5 | J8: =Data!S9/Data!R9*10 -> 0 | K8: =Data!U9/Data!T9*10 -> 6.3 | L8: =Data!W9/Data!V9*10 -> 7.1 | M8: =SUM(B8:L8) -> 37.4
A9: August | B9: =IF(Data!C10=0, 10, 0) -> 0 | C9: =IF(Data!E10=0, 10, 0) -> 0 | D9: =IF(Data!G10=0, 10, 0) -> 10 | E9: =IF(Data!I10=0, 10, 0) -> 10 | F9: =(Data!K10/Data!J10)*10 -> 9 | G9: =(Data!M10/Data!L10)*10 -> 9 | H9: =Data!O10/Data!N10*5 -> 5 | I9: =Data!Q10/Data!P10*5 -> 2.5 | J9: =Data!S10/Data!R10*10 -> 0 | K9: =Data!U10/Data!T10*10 -> 7.3 | L9: =Data!W10/Data!V10*10 -> 5.2 | M9: =SUM(B9:L9) -> 58
A10: September | B10: =IF(Data!C11=0, 10, 0) -> 10 | C10: =IF(Data!E11=0, 10, 0) -> 10 | D10: =IF(Data!G11=0, 10, 0) -> 10 | E10: =IF(Data!I11=0, 10, 0) -> 0 | F10: =(Data!K11/Data!J11)*10 -> 10 | G10: =(Data!M11/Data!L11)*10 -> 8 | H10: =Data!O11/Data!N11*5 -> 0 | I10: =Data!Q11/Data!P11*5 -> 2.5 | J10: =Data!S11/Data!R11*10 -> 0 | K10: =Data!U11/Data!T11*10 -> 6.4 | L10: =Data!W11/Data!V11*10 -> 6.1 | M10: =SUM(B10:L10) -> 63
A11: October | B11: =IF(Data!C12=0, 10, 0) -> 10 | C11: =IF(Data!E12=0, 10, 0) -> 0 | D11: =IF(Data!G12=0, 10, 0) -> 10 | E11: =IF(Data!I12=0, 10, 0) -> 10 | F11: =(Data!K12/Data!J12)*10 -> 9 | G11: =(Data!M12/Data!L12)*10 -> 9 | H11: =Data!O12/Data!N12*5 -> 5 | I11: =Data!Q12/Data!P12*5 -> 5 | J11: =Data!S12/Data!R12*10 -> 10 | K11: =Data!U12/Data!T12*10 -> 5.3 | L11: =Data!W12/Data!V12*10 -> 9.8 | M11: =SUM(B11:L11) -> 83.1
A12: November | B12: =IF(Data!C13=0, 10, 0) -> 0 | C12: =IF(Data!E13=0, 10, 0) -> 10 | D12: =IF(Data!G13=0, 10, 0) -> 10 | E12: =IF(Data!I13=0, 10, 0) -> 0 | F12: =(Data!K13/Data!J13)*10 -> 8 | G12: =(Data!M13/Data!L13)*10 -> 9 | H12: =Data!O13/Data!N13*5 -> 0 | I12: =Data!Q13/Data!P13*5 -> 2.5 | J12: =Data!S13/Data!R13*10 -> 0 | K12: =Data!U13/Data!T13*10 -> 7.4 | L12: =Data!W13/Data!V13*10 -> 8.8 | M12: =SUM(B12:L12) -> 55.7
A13: December | B13: =IF(Data!C14=0, 10, 0) -> 0 | C13: =IF(Data!E14=0, 10, 0) -> 0 | D13: =IF(Data!G14=0, 10, 0) -> 10 | E13: =IF(Data!I14=0, 10, 0) -> 10 | F13: =(Data!K14/Data!J14)*10 -> 10 | G13: =(Data!M14/Data!L14)*10 -> 8 | H13: =Data!O14/Data!N14*5 -> 5 | I13: =Data!Q14/Data!P14*5 -> 2.5 | J13: =Data!S14/Data!R14*10 -> 0 | K13: =Data!U14/Data!T14*10 -> 8.4 | L13: =Data!W14/Data!V14*10 -> 9 | M13: =SUM(B13:L13) -> 62.9

Sheet Dashboard
C3: Environment, Health & Safety Dashboard KPI Analysis Dashboard
G7: KPI Target Score | L7: KPI Achieved Score
G9: 100 | L9: =Analysis!B15 -> 40.1
I27: Score | J27: From | K27: To | M27: Rating
J28: 0 | K28: 30 | M28: Low
J29: 31 | K29: 70 | M29: Medium
J30: 71 | K30: 100 | M30: High

Sheet Instruction
E9: Instruction to use: 1) Enter data only in Data sheet 2) Once after entered, save and close the file. 3) Re-open the file and data will be reflected in the Dashboard. 4) Don't alter any details in the sheets (Analysis, Dashboard and Dropdown).

Sheet Data
A1: Month | B1: Fatality | D1: LTI | F1: Property Damage | H1: Penalty / Memo from Authority | J1: EHS Training | L1: Inspection | N1: Mock Drill | P1: Walkthrough | R1: HSE Committee Meeting | T1: HSE Induction | V1: Work Permit
B2: Target | C2: Actual | D2: Target | E2: Actual | F2: Target | G2: Actual | H2: Target | I2: Actual | J2: Target | K2: Actual | L2: Target | M2: Actual | N2: Target | O2: Actual | P2: Target | Q2: Actual | R2: Target | S2: Actual | T2: Target | U2: Actual | V2: Target | W2: Actual
A3: January | B3: 0 | C3: =RANDBETWEEN(0,1) -> 0 | D3: 0 | E3: =RANDBETWEEN(0,1) -> 0 | F3: 0 | G3: =RANDBETWEEN(0,1) -> 0 | H3: 0 | I3: =RANDBETWEEN(0,1) -> 0 | J3: 10 | K3: =RANDBETWEEN(8,10) -> 8 | L3: 10 | M3: =RANDBETWEEN(8,10) -> 9 | N3: 1 | O3: =RANDBETWEEN(0,1) -> 0 | P3: 2 | Q3: =RANDBETWEEN(1,2) -> 1 | R3: 1 | S3: =RANDBETWEEN(0,1) -> 1 | T3: 100 | U3: =RANDBETWEEN(50, 100) -> 99 | V3: 100 | W3: =RANDBETWEEN(50, 100) -> 60
A4: February | B4: 0 | C4: =RANDBETWEEN(0,1) -> 0 | D4: 0 | E4: =RANDBETWEEN(0,1) -> 0 | F4: 0 | G4: =RANDBETWEEN(0,1) -> 1 | H4: 0 | I4: =RANDBETWEEN(0,1) -> 1 | J4: 10 | K4: =RANDBETWEEN(8,10) -> 9 | L4: 10 | M4: =RANDBETWEEN(8,10) -> 8 | N4: 1 | O4: =RANDBETWEEN(0,1) -> 0 | P4: 2 | Q4: =RANDBETWEEN(1,2) -> 2 | R4: 1 | S4: =RANDBETWEEN(0,1) -> 0 | T4: 100 | U4: =RANDBETWEEN(50, 100) -> 64 | V4: 100 | W4: =RANDBETWEEN(50, 100) -> 95
A5: March | B5: 0 | C5: =RANDBETWEEN(0,1) -> 0 | D5: 0 | E5: =RANDBETWEEN(0,1) -> 1 | F5: 0 | G5: =RANDBETWEEN(0,1) -> 0 | H5: 0 | I5: =RANDBETWEEN(0,1) -> 0 | J5: 10 | K5: =RANDBETWEEN(8,10) -> 10 | L5: 10 | M5: =RANDBETWEEN(8,10) -> 10 | N5: 1 | O5: =RANDBETWEEN(0,1) -> 1 | P5: 2 | Q5: =RANDBETWEEN(1,2) -> 2 | R5: 1 | S5: =RANDBETWEEN(0,1) -> 0 | T5: 100 | U5: =RANDBETWEEN(50, 100) -> 65 | V5: 100 | W5: =RANDBETWEEN(50, 100) -> 60
A6: April | B6: 0 | C6: =RANDBETWEEN(0,1) -> 1 | D6: 0 | E6: =RANDBETWEEN(0,1) -> 1 | F6: 0 | G6: =RANDBETWEEN(0,1) -> 1 | H6: 0 | I6: =RANDBETWEEN(0,1) -> 1 | J6: 10 | K6: =RANDBETWEEN(8,10) -> 9 | L6: 10 | M6: =RANDBETWEEN(8,10) -> 8 | N6: 1 | O6: =RANDBETWEEN(0,1) -> 1 | P6: 2 | Q6: =RANDBETWEEN(1,2) -> 1 | R6: 1 | S6: =RANDBETWEEN(0,1) -> 0 | T6: 100 | U6: =RANDBETWEEN(50, 100) -> 55 | V6: 100 | W6: =RANDBETWEEN(50, 100) -> 53
A7: May | B7: 0 | C7: =RANDBETWEEN(0,1) -> 0 | D7: 0 | E7: =RANDBETWEEN(0,1) -> 1 | F7: 0 | G7: =RANDBETWEEN(0,1) -> 1 | H7: 0 | I7: =RANDBETWEEN(0,1) -> 0 | J7: 10 | K7: =RANDBETWEEN(8,10) -> 8 | L7: 10 | M7: =RANDBETWEEN(8,10) -> 10 | N7: 1 | O7: =RANDBETWEEN(0,1) -> 0 | P7: 2 | Q7: =RANDBETWEEN(1,2) -> 2 | R7: 1 | S7: =RANDBETWEEN(0,1) -> 0 | T7: 100 | U7: =RANDBETWEEN(50, 100) -> 97 | V7: 100 | W7: =RANDBETWEEN(50, 100) -> 68
A8: June | B8: 0 | C8: =RANDBETWEEN(0,1) -> 0 | D8: 0 | E8: =RANDBETWEEN(0,1) -> 0 | F8: 0 | G8: =RANDBETWEEN(0,1) -> 1 | H8: 0 | I8: =RANDBETWEEN(0,1) -> 0 | J8: 10 | K8: =RANDBETWEEN(8,10) -> 10 | L8: 10 | M8: =RANDBETWEEN(8,10) -> 10 | N8: 1 | O8: =RANDBETWEEN(0,1) -> 0 | P8: 2 | Q8: =RANDBETWEEN(1,2) -> 1 | R8: 1 | S8: =RANDBETWEEN(0,1) -> 1 | T8: 100 | U8: =RANDBETWEEN(50, 100) -> 62 | V8: 100 | W8: =RANDBETWEEN(50, 100) -> 53
A9: July | B9: 0 | C9: =RANDBETWEEN(0,1) -> 1 | D9: 0 | E9: =RANDBETWEEN(0,1) -> 1 | F9: 0 | G9: =RANDBETWEEN(0,1) -> 1 | H9: 0 | I9: =RANDBETWEEN(0,1) -> 1 | J9: 10 | K9: =RANDBETWEEN(8,10) -> 10 | L9: 10 | M9: =RANDBETWEEN(8,10) -> 9 | N9: 1 | O9: =RANDBETWEEN(0,1) -> 0 | P9: 2 | Q9: =RANDBETWEEN(1,2) -> 2 | R9: 1 | S9: =RANDBETWEEN(0,1) -> 0 | T9: 100 | U9: =RANDBETWEEN(50, 100) -> 63 | V9: 100 | W9: =RANDBETWEEN(50, 100) -> 71
A10: August | B10: 0 | C10: =RANDBETWEEN(0,1) -> 1 | D10: 0 | E10: =RANDBETWEEN(0,1) -> 1 | F10: 0 | G10: =RANDBETWEEN(0,1) -> 0 | H10: 0 | I10: =RANDBETWEEN(0,1) -> 0 | J10: 10 | K10: =RANDBETWEEN(8,10) -> 9 | L10: 10 | M10: =RANDBETWEEN(8,10) -> 9 | N10: 1 | O10: =RANDBETWEEN(0,1) -> 1 | P10: 2 | Q10: =RANDBETWEEN(1,2) -> 1 | R10: 1 | S10: =RANDBETWEEN(0,1) -> 0 | T10: 100 | U10: =RANDBETWEEN(50, 100) -> 73 | V10: 100 | W10: =RANDBETWEEN(50, 100) -> 52
A11: September | B11: 0 | C11: =RANDBETWEEN(0,1) -> 0 | D11: 0 | E11: =RANDBETWEEN(0,1) -> 0 | F11: 0 | G11: =RANDBETWEEN(0,1) -> 0 | H11: 0 | I11: =RANDBETWEEN(0,1) -> 1 | J11: 10 | K11: =RANDBETWEEN(8,10) -> 10 | L11: 10 | M11: =RANDBETWEEN(8,10) -> 8 | N11: 1 | O11: =RANDBETWEEN(0,1) -> 0 | P11: 2 | Q11: =RANDBETWEEN(1,2) -> 1 | R11: 1 | S11: =RANDBETWEEN(0,1) -> 0 | T11: 100 | U11: =RANDBETWEEN(50, 100) -> 64 | V11: 100 | W11: =RANDBETWEEN(50, 100) -> 61
A12: October | B12: 0 | C12: =RANDBETWEEN(0,1) -> 0 | D12: 0 | E12: =RANDBETWEEN(0,1) -> 1 | F12: 0 | G12: =RANDBETWEEN(0,1) -> 0 | H12: 0 | I12: =RANDBETWEEN(0,1) -> 0 | J12: 10 | K12: =RANDBETWEEN(8,10) -> 9 | L12: 10 | M12: =RANDBETWEEN(8,10) -> 9 | N12: 1 | O12: =RANDBETWEEN(0,1) -> 1 | P12: 2 | Q12: =RANDBETWEEN(1,2) -> 2 | R12: 1 | S12: =RANDBETWEEN(0,1) -> 1 | T12: 100 | U12: =RANDBETWEEN(50, 100) -> 53 | V12: 100 | W12: =RANDBETWEEN(50, 100) -> 98
A13: November | B13: 0 | C13: =RANDBETWEEN(0,1) -> 1 | D13: 0 | E13: =RANDBETWEEN(0,1) -> 0 | F13: 0 | G13: =RANDBETWEEN(0,1) -> 0 | H13: 0 | I13: =RANDBETWEEN(0,1) -> 1 | J13: 10 | K13: =RANDBETWEEN(8,10) -> 8 | L13: 10 | M13: =RANDBETWEEN(8,10) -> 9 | N13: 1 | O13: =RANDBETWEEN(0,1) -> 0 | P13: 2 | Q13: =RANDBETWEEN(1,2) -> 1 | R13: 1 | S13: =RANDBETWEEN(0,1) -> 0 | T13: 100 | U13: =RANDBETWEEN(50, 100) -> 74 | V13: 100 | W13: =RANDBETWEEN(50, 100) -> 88
A14: December | B14: 0 | C14: =RANDBETWEEN(0,1) -> 1 | D14: 0 | E14: =RANDBETWEEN(0,1) -> 1 | F14: 0 | G14: =RANDBETWEEN(0,1) -> 0 | H14: 0 | I14: =RANDBETWEEN(0,1) -> 0 | J14: 10 | K14: =RANDBETWEEN(8,10) -> 10 | L14: 10 | M14: =RANDBETWEEN(8,10) -> 8 | N14: 1 | O14: =RANDBETWEEN(0,1) -> 1 | P14: 2 | Q14: =RANDBETWEEN(1,2) -> 1 | R14: 1 | S14: =RANDBETWEEN(0,1) -> 0 | T14: 100 | U14: =RANDBETWEEN(50, 100) -> 84 | V14: 100 | W14: =RANDBETWEEN(50, 100) -> 90

Sheet Meter
B3: Low | C3: Medium | D3: High | F3: Actual Value
B4: 30 | C4: 70 | D4: 100 | F4: 80
B6: Data for Donut Chart
B7: 20 | C7: 50 | D7: 30 | E7: =SUM(B7:D7) -> 100
B9: Data for Pie Chart
B10: =Analysis!B15 -> 40.1 | C10: -2 | D10: =E7*2-C10-B10 -> 161.9
